{
  "protocol_version" : "0.0.6",
  "configuration" : {
    "version" : "(6.12.0.140) (2020-02/51d876a041e)",
    "tlc" : "normal",
    "sigsgev" : "altstack",
    "notifications" : "kqueue",
    "architecture" : "amd64",
    "disabled_features" : "none",
    "smallconfig" : "disabled",
    "bigarrays" : "disabled",
    "softdebug" : "enabled",
    "interpreter" : "enabled",
    "llvm_support" : "0",
    "suspend" : "hybrid"
  },
  "memory" : {
    "Resident Size" : "136761344",
    "Virtual Size" : "4628676608",
    "minor_gc_time" : "0",
    "major_gc_time" : "0",
    "minor_gc_count" : "0",
    "major_gc_count" : "0",
    "major_gc_time_concurrent" : "0"
 },
  "threads" : [
 {
    "is_managed" : true,
    "offset_free_hash" : "0x11a67480d0",
    "offset_rich_hash" : "0x11a67485e5",
    "crashed" : true,
    "native_thread_id" : "0x7000096ff000",
    "thread_info_addr" : "0x7fd652de9400",
    "thread_name" : "tid_9703",
    "ctx" : {
      "IP" : "0x7fff77df72c2",
      "SP" : "0x7000096f7b18",
      "BP" : "0x7000096f7b50"
  },
    "managed_frames" : [
  {
      "is_managed" : "false",
      "native_address" : "unregistered"
   }
,
  {
      "is_managed" : "true",
      "guid" : "92218043-4747-44EA-9D64-D27064C35DCB",
      "token" : "0x00000",
      "native_offset" : "0x0",
      "filename" : "mscorlib.dll",
      "sizeofimage" : "0x472000",
      "timestamp" : "0xa45d0dbd",
      "il_offset" : "0x00000"
   }
,
  {
      "is_managed" : "true",
      "guid" : "92218043-4747-44EA-9D64-D27064C35DCB",
      "token" : "0x00000",
      "native_offset" : "0x0",
      "filename" : "mscorlib.dll",
      "sizeofimage" : "0x472000",
      "timestamp" : "0xa45d0dbd",
      "il_offset" : "0x00015"
   }
,
  {
      "is_managed" : "true",
      "guid" : "BD24F2D5-173E-4EF0-BCAC-9E2F08461AE4",
      "token" : "0x600427f",
      "native_offset" : "0x0",
      "filename" : "System.dll",
      "sizeofimage" : "0x290000",
      "timestamp" : "0xae21f1c6",
      "il_offset" : "0x0026a"
   }
,
  {
      "is_managed" : "true",
      "guid" : "BD24F2D5-173E-4EF0-BCAC-9E2F08461AE4",
      "token" : "0x600447f",
      "native_offset" : "0x0",
      "filename" : "System.dll",
      "sizeofimage" : "0x290000",
      "timestamp" : "0xae21f1c6",
      "il_offset" : "0x00043"
   }
,
  {
      "is_managed" : "true",
      "guid" : "92218043-4747-44EA-9D64-D27064C35DCB",
      "token" : "0x6001ed3",
      "native_offset" : "0x0",
      "filename" : "mscorlib.dll",
      "sizeofimage" : "0x472000",
      "timestamp" : "0xa45d0dbd",
      "il_offset" : "0x00071"
   }
,
  {
      "is_managed" : "true",
      "guid" : "92218043-4747-44EA-9D64-D27064C35DCB",
      "token" : "0x6001ed1",
      "native_offset" : "0x0",
      "filename" : "mscorlib.dll",
      "sizeofimage" : "0x472000",
      "timestamp" : "0xa45d0dbd",
      "il_offset" : "0x00000"
   }
,
  {
      "is_managed" : "true",
      "guid" : "92218043-4747-44EA-9D64-D27064C35DCB",
      "token" : "0x6001ed0",
      "native_offset" : "0x0",
      "filename" : "mscorlib.dll",
      "sizeofimage" : "0x472000",
      "timestamp" : "0xa45d0dbd",
      "il_offset" : "0x0002b"
   }
,
  {
      "is_managed" : "true",
      "guid" : "BD24F2D5-173E-4EF0-BCAC-9E2F08461AE4",
      "token" : "0x600427e",
      "native_offset" : "0x0",
      "filename" : "System.dll",
      "sizeofimage" : "0x290000",
      "timestamp" : "0xae21f1c6",
      "il_offset" : "0x00093"
   }
,
  {
      "is_managed" : "true",
      "guid" : "BD24F2D5-173E-4EF0-BCAC-9E2F08461AE4",
      "token" : "0x00000",
      "native_offset" : "0x0",
      "filename" : "System.dll",
      "sizeofimage" : "0x290000",
      "timestamp" : "0xae21f1c6",
      "il_offset" : "0xffffffff"
   }
,
  {
      "is_managed" : "false",
      "native_address" : "unregistered"
   }
,
  {
      "is_managed" : "true",
      "guid" : "BD24F2D5-173E-4EF0-BCAC-9E2F08461AE4",
      "token" : "0x00000",
      "native_offset" : "0x0",
      "filename" : "System.dll",
      "sizeofimage" : "0x290000",
      "timestamp" : "0xae21f1c6",
      "il_offset" : "0x00000"
   }
,
  {
      "is_managed" : "true",
      "guid" : "BD24F2D5-173E-4EF0-BCAC-9E2F08461AE4",
      "token" : "0x6004477",
      "native_offset" : "0x0",
      "filename" : "System.dll",
      "sizeofimage" : "0x290000",
      "timestamp" : "0xae21f1c6",
      "il_offset" : "0x0003a"
   }
,
  {
      "is_managed" : "true",
      "guid" : "92218043-4747-44EA-9D64-D27064C35DCB",
      "token" : "0x6001f2b",
      "native_offset" : "0x0",
      "filename" : "mscorlib.dll",
      "sizeofimage" : "0x472000",
      "timestamp" : "0xa45d0dbd",
      "il_offset" : "0x00025"
   }
,
  {
      "is_managed" : "true",
      "guid" : "92218043-4747-44EA-9D64-D27064C35DCB",
      "token" : "0x6001ed3",
      "native_offset" : "0x0",
      "filename" : "mscorlib.dll",
      "sizeofimage" : "0x472000",
      "timestamp" : "0xa45d0dbd",
      "il_offset" : "0x00071"
   }
,
  {
      "is_managed" : "true",
      "guid" : "92218043-4747-44EA-9D64-D27064C35DCB",
      "token" : "0x6001ed1",
      "native_offset" : "0x0",
      "filename" : "mscorlib.dll",
      "sizeofimage" : "0x472000",
      "timestamp" : "0xa45d0dbd",
      "il_offset" : "0x00000"
   }
,
  {
      "is_managed" : "true",
      "guid" : "92218043-4747-44EA-9D64-D27064C35DCB",
      "token" : "0x6001ed0",
      "native_offset" : "0x0",
      "filename" : "mscorlib.dll",
      "sizeofimage" : "0x472000",
      "timestamp" : "0xa45d0dbd",
      "il_offset" : "0x0002b"
   }
,
  {
      "is_managed" : "true",
      "guid" : "92218043-4747-44EA-9D64-D27064C35DCB",
      "token" : "0x00000",
      "native_offset" : "0x0",
      "filename" : "mscorlib.dll",
      "sizeofimage" : "0x472000",
      "timestamp" : "0xa45d0dbd",
      "il_offset" : "0x0002a"
   }

  ],
  "unmanaged_frames" : [
 {
    "is_managed" : "false",
    "native_address" : "0x10b959956",
    "native_offset" : "0x00000"
  }
,
 {
    "is_managed" : "false",
    "native_address" : "0x10baf50d5",
    "native_offset" : "0x00000"
  }
,
 {
    "is_managed" : "false",
    "native_address" : "0x10baf574a",
    "native_offset" : "0x00000"
  }
,
 {
    "is_managed" : "false",
    "native_address" : "0x10b9c69e7",
    "native_offset" : "0x00000"
  }
,
 {
    "is_managed" : "false",
    "native_address" : "0x10b95e5ee",
    "native_offset" : "0x00000"
  }
,
 {
    "is_managed" : "false",
    "native_address" : "0x10b9c5cdf",
    "native_offset" : "0x00000"
  }
,
 {
    "is_managed" : "false",
    "native_address" : "0x7fff77ea7b5d",
    "native_offset" : "0x00000"
  }
,
 {
    "is_managed" : "false",
    "native_address" : "0x10bc0adef",
    "native_offset" : "0x00000"
  }
,
 {
    "is_managed" : "false",
    "native_address" : "0x7fff77d616a6",
    "native_offset" : "0x00000"
  }
,
 {
    "is_managed" : "false",
    "native_address" : "0x10bbb2f57",
    "native_offset" : "0x00000"
  }
,
 {
    "is_managed" : "false",
    "native_address" : "0x10bb93dbf",
    "native_offset" : "0x00000"
  }
,
 {
    "is_managed" : "false",
    "native_address" : "0x10bbb33ee",
    "native_offset" : "0x00000"
  }
,
 {
    "is_managed" : "false",
    "native_address" : "0x10bbb356f",
    "native_offset" : "0x00000"
  }
,
 {
    "is_managed" : "false",
    "native_address" : "0x10bbb35aa",
    "native_offset" : "0x00000"
  }
,
 {
    "is_managed" : "false",
    "native_address" : "0x10bba7d7e",
    "native_offset" : "0x00000"
  }
,
 {
    "is_managed" : "false",
    "native_address" : "0x10baef641",
    "native_offset" : "0x00000"
  }
,
 {
    "is_managed" : "false",
    "native_address" : "0x10baf62bd",
    "native_offset" : "0x00000"
  }
,
 {
    "is_managed" : "false",
    "native_address" : "0x10baf3f2c",
    "native_offset" : "0x00000"
  }
,
 {
    "is_managed" : "true",
    "guid" : "92218043-4747-44EA-9D64-D27064C35DCB",
    "token" : "0x00000",
    "native_offset" : "0x0",
    "filename" : "mscorlib.dll",
    "sizeofimage" : "0x472000",
    "timestamp" : "0xa45d0dbd",
    "il_offset" : "0x00000"
  }
,
 {
    "is_managed" : "true",
    "guid" : "92218043-4747-44EA-9D64-D27064C35DCB",
    "token" : "0x00000",
    "native_offset" : "0x0",
    "filename" : "mscorlib.dll",
    "sizeofimage" : "0x472000",
    "timestamp" : "0xa45d0dbd",
    "il_offset" : "0x00000"
  }
,
 {
    "is_managed" : "true",
    "guid" : "BD24F2D5-173E-4EF0-BCAC-9E2F08461AE4",
    "token" : "0x600427f",
    "native_offset" : "0x0",
    "filename" : "System.dll",
    "sizeofimage" : "0x290000",
    "timestamp" : "0xae21f1c6",
    "il_offset" : "0x00000"
  }
,
 {
    "is_managed" : "true",
    "guid" : "BD24F2D5-173E-4EF0-BCAC-9E2F08461AE4",
    "token" : "0x600447f",
    "native_offset" : "0x0",
    "filename" : "System.dll",
    "sizeofimage" : "0x290000",
    "timestamp" : "0xae21f1c6",
    "il_offset" : "0x00000"
  }
,
 {
    "is_managed" : "true",
    "guid" : "92218043-4747-44EA-9D64-D27064C35DCB",
    "token" : "0x6001ed3",
    "native_offset" : "0x0",
    "filename" : "mscorlib.dll",
    "sizeofimage" : "0x472000",
    "timestamp" : "0xa45d0dbd",
    "il_offset" : "0x00000"
  }
,
 {
    "is_managed" : "true",
    "guid" : "92218043-4747-44EA-9D64-D27064C35DCB",
    "token" : "0x6001ed1",
    "native_offset" : "0x0",
    "filename" : "mscorlib.dll",
    "sizeofimage" : "0x472000",
    "timestamp" : "0xa45d0dbd",
    "il_offset" : "0x00000"
  }
,
 {
    "is_managed" : "true",
    "guid" : "BD24F2D5-173E-4EF0-BCAC-9E2F08461AE4",
    "token" : "0x00000",
    "native_offset" : "0x0",
    "filename" : "System.dll",
    "sizeofimage" : "0x290000",
    "timestamp" : "0xae21f1c6",
    "il_offset" : "0x00000"
  }
,
 {
    "is_managed" : "false",
    "native_address" : "0x7fff4d2fa12e",
    "native_offset" : "0x00000"
  }
,
 {
    "is_managed" : "false",
    "native_address" : "0x7fff4d2f950a",
    "native_offset" : "0x00000"
  }
,
 {
    "is_managed" : "false",
    "native_address" : "0x7fff4d2f9406",
    "native_offset" : "0x00000"
  }
,
 {
    "is_managed" : "false",
    "native_address" : "0x7fff4d2fbcbf",
    "native_offset" : "0x00000"
  }
,
 {
    "is_managed" : "false",
    "native_address" : "0x7fff4bd54329",
    "native_offset" : "0x00000"
  }
,
 {
    "is_managed" : "false",
    "native_address" : "0x7fff4bd54227",
    "native_offset" : "0x00000"
  }
,
 {
    "is_managed" : "false",
    "native_address" : "0x7fff4bd54185",
    "native_offset" : "0x00000"
  }
,
 {
    "is_managed" : "false",
    "native_address" : "0x7fff4bd3c180",
    "native_offset" : "0x00000"
  }
,
 {
    "is_managed" : "false",
    "native_address" : "0x7fff4bd3b552",
    "native_offset" : "0x00000"
  }
,
 {
    "is_managed" : "false",
    "native_address" : "0x7fff4bd3b366",
    "native_offset" : "0x00000"
  }
,
 {
    "is_managed" : "false",
    "native_address" : "0x10e906fcc",
    "native_offset" : "0x00000"
  }
,
 {
    "is_managed" : "true",
    "guid" : "BD24F2D5-173E-4EF0-BCAC-9E2F08461AE4",
    "token" : "0x00000",
    "native_offset" : "0x0",
    "filename" : "System.dll",
    "sizeofimage" : "0x290000",
    "timestamp" : "0xae21f1c6",
    "il_offset" : "0x00000"
  }
,
 {
    "is_managed" : "true",
    "guid" : "BD24F2D5-173E-4EF0-BCAC-9E2F08461AE4",
    "token" : "0x6004477",
    "native_offset" : "0x0",
    "filename" : "System.dll",
    "sizeofimage" : "0x290000",
    "timestamp" : "0xae21f1c6",
    "il_offset" : "0x00000"
  }
,
 {
    "is_managed" : "true",
    "guid" : "92218043-4747-44EA-9D64-D27064C35DCB",
    "token" : "0x6001f2b",
    "native_offset" : "0x0",
    "filename" : "mscorlib.dll",
    "sizeofimage" : "0x472000",
    "timestamp" : "0xa45d0dbd",
    "il_offset" : "0x00000"
  }
,
 {
    "is_managed" : "true",
    "guid" : "92218043-4747-44EA-9D64-D27064C35DCB",
    "token" : "0x6001ed1",
    "native_offset" : "0x0",
    "filename" : "mscorlib.dll",
    "sizeofimage" : "0x472000",
    "timestamp" : "0xa45d0dbd",
    "il_offset" : "0x00000"
  }
,
 {
    "is_managed" : "false",
    "native_address" : "0x10b8bb8c2",
    "native_offset" : "0x00000"
  }
,
 {
    "is_managed" : "false",
    "native_address" : "0x10bacaf07",
    "native_offset" : "0x00000"
  }
,
 {
    "is_managed" : "false",
    "native_address" : "0x10bad17b0",
    "native_offset" : "0x00000"
  }
,
 {
    "is_managed" : "false",
    "native_address" : "0x10baf5d5d",
    "native_offset" : "0x00000"
  }
,
 {
    "is_managed" : "false",
    "native_address" : "0x7fff77eb02eb",
    "native_offset" : "0x00000"
  }
,
 {
    "is_managed" : "false",
    "native_address" : "0x7fff77eb3249",
    "native_offset" : "0x00000"
  }
,
 {
    "is_managed" : "false",
    "native_address" : "0x7fff77eaf40d",
    "native_offset" : "0x00000"
  }

 ]
},
{
  "is_managed" : false,
  "offset_free_hash" : "0x0",
  "offset_rich_hash" : "0x0",
  "crashed" : false,
  "native_thread_id" : "0x1129355c0",
  "thread_info_addr" : "0x7fd64f00b200",
  "thread_name" : "tid_307",
  "ctx" : {
    "IP" : "0x7fff77df4866",
    "SP" : "0x7ffee4356c38",
    "BP" : "0x7ffee4356cc0"
 },
  "unmanaged_frames" : [
 {
    "is_managed" : "false",
    "native_address" : "0x10b959956",
    "native_offset" : "0x00000"
  }
,
 {
    "is_managed" : "false",
    "native_address" : "0x10baf50d5",
    "native_offset" : "0x00000"
  }
,
 {
    "is_managed" : "false",
    "native_address" : "0x10baf4e07",
    "native_offset" : "0x00000"
  }
,
 {
    "is_managed" : "false",
    "native_address" : "0x10b9c5920",
    "native_offset" : "0x00000"
  }
,
 {
    "is_managed" : "false",
    "native_address" : "0x7fff77ea7b5d",
    "native_offset" : "0x00000"
  }
,
 {
    "is_managed" : "false",
    "native_address" : "0x10b95bf8c",
    "native_offset" : "0x00000"
  }
,
 {
    "is_managed" : "false",
    "native_address" : "0x10bb8fe80",
    "native_offset" : "0x00000"
  }
,
 {
    "is_managed" : "false",
    "native_address" : "0x10bba7fb1",
    "native_offset" : "0x00000"
  }
,
 {
    "is_managed" : "false",
    "native_address" : "0x10baf1ff4",
    "native_offset" : "0x00000"
  }
,
 {
    "is_managed" : "false",
    "native_address" : "0x10baf1dfa",
    "native_offset" : "0x00000"
  }
,
 {
    "is_managed" : "false",
    "native_address" : "0x10b91efea",
    "native_offset" : "0x00000"
  }
,
 {
    "is_managed" : "false",
    "native_address" : "0x10b8ab1a8",
    "native_offset" : "0x00000"
  }
,
 {
    "is_managed" : "false",
    "native_address" : "0x7fff77cbc3d5",
    "native_offset" : "0x00000"
  }
,
 {
    "is_managed" : "false",
    "native_address" : "0x5",
    "native_offset" : "0x00000"
  }

 ]
},
{
  "is_managed" : false,
  "offset_free_hash" : "0x0",
  "offset_rich_hash" : "0x0",
  "crashed" : false,
  "native_thread_id" : "0x700006d7a000",
  "thread_info_addr" : "0x7fd64f800000",
  "thread_name" : "Finalizer",
  "ctx" : {
    "IP" : "0x7fff77df1256",
    "SP" : "0x700006d79e18",
    "BP" : "0x700006d79e60"
 },
  "unmanaged_frames" : [
 {
    "is_managed" : "false",
    "native_address" : "0x10b959956",
    "native_offset" : "0x00000"
  }
,
 {
    "is_managed" : "false",
    "native_address" : "0x10baf50d5",
    "native_offset" : "0x00000"
  }
,
 {
    "is_managed" : "false",
    "native_address" : "0x10baf4e07",
    "native_offset" : "0x00000"
  }
,
 {
    "is_managed" : "false",
    "native_address" : "0x10b9c5920",
    "native_offset" : "0x00000"
  }
,
 {
    "is_managed" : "false",
    "native_address" : "0x7fff77ea7b5d",
    "native_offset" : "0x00000"
  }
,
 {
    "is_managed" : "false",
    "native_address" : "unregistered"
  }
,
 {
    "is_managed" : "false",
    "native_address" : "0x10baf5d1d",
    "native_offset" : "0x00000"
  }
,
 {
    "is_managed" : "false",
    "native_address" : "0x7fff77eb02eb",
    "native_offset" : "0x00000"
  }
,
 {
    "is_managed" : "false",
    "native_address" : "0x7fff77eb3249",
    "native_offset" : "0x00000"
  }
,
 {
    "is_managed" : "false",
    "native_address" : "0x7fff77eaf40d",
    "native_offset" : "0x00000"
  }

 ]
}
]
}