{
  "web":
  {
    "client_id": "446111844048-uvgo2mh1qfc5g7r7ju4nams754vji4pn.apps.googleusercontent.com",
    "project_id": "oval-inquiry-316613",
    "auth_uri": "https://accounts.google.com/o/oauth2/auth",
    "token_uri": "https://oauth2.googleapis.com/token",
    "auth_provider_x509_cert_url": "https://www.googleapis.com/oauth2/v1/certs",
    "client_secret": "yGkGBHbC3JiBlydW6V6tmgoF",
    "redirect_uris": [ "https://localhost:5001", "http://127.0.0.1/authorize/", "http://localhost/authorize/" ],
    "javascript_origins": [ "https://localhost:5001" ]
  }}